0,1,2,3
0.0,0.0,0.0,100.0
1.0,0.0,0.0,100.0
1.0,1.0,0.0,100.0
0.0,1.0,0.0,100.0
0.0,0.0,1.0,0.0
1.0,0.0,1.0,0.0
1.0,1.0,1.0,0.0
0.0,1.0,1.0,0.0
0.09999999999981467,0.0,0.0,100.0
0.1999999999995579,0.0,0.0,100.0
0.2999999999992664,0.0,0.0,100.0
0.3999999999989749,0.0,0.0,100.0
0.4999999999986943,0.0,0.0,100.0
0.5999999999989468,0.0,0.0,100.0
0.69999999999921,0.0,0.0,100.0
0.7999999999994734,0.0,0.0,100.0
0.8999999999997368,0.0,0.0,100.0
1.0,0.09999999999981467,0.0,100.0
1.0,0.1999999999995579,0.0,100.0
1.0,0.2999999999992664,0.0,100.0
1.0,0.3999999999989749,0.0,100.0
1.0,0.4999999999986943,0.0,100.0
1.0,0.5999999999989468,0.0,100.0
1.0,0.69999999999921,0.0,100.0
1.0,0.7999999999994734,0.0,100.0
1.0,0.8999999999997368,0.0,100.0
0.8999999999995836,1.0,0.0,100.0
0.7999999999999998,1.0,0.0,100.0
0.7000000000006934,1.0,0.0,100.0
0.6000000000013869,1.0,0.0,100.0
0.5000000000020587,1.0,0.0,100.0
0.4000000000016644,1.0,0.0,100.0
0.3000000000012483,1.0,0.0,100.0
0.2000000000008322,1.0,0.0,100.0
0.100000000000416,1.0,0.0,100.0
0.0,0.8999999999995836,0.0,100.0
0.0,0.7999999999999998,0.0,100.0
0.0,0.7000000000006934,0.0,100.0
0.0,0.6000000000013869,0.0,100.0
0.0,0.5000000000020587,0.0,100.0
0.0,0.4000000000016644,0.0,100.0
0.0,0.3000000000012483,0.0,100.0
0.0,0.2000000000008322,0.0,100.0
0.0,0.100000000000416,0.0,100.0
0.09999999999981467,0.0,1.0,0.0
0.1999999999995579,0.0,1.0,0.0
0.2999999999992664,0.0,1.0,0.0
0.3999999999989749,0.0,1.0,0.0
0.4999999999986943,0.0,1.0,0.0
0.5999999999989468,0.0,1.0,0.0
0.69999999999921,0.0,1.0,0.0
0.7999999999994734,0.0,1.0,0.0
0.8999999999997368,0.0,1.0,0.0
1.0,0.09999999999981467,1.0,0.0
1.0,0.1999999999995579,1.0,0.0
1.0,0.2999999999992664,1.0,0.0
1.0,0.3999999999989749,1.0,0.0
1.0,0.4999999999986943,1.0,0.0
1.0,0.5999999999989468,1.0,0.0
1.0,0.69999999999921,1.0,0.0
1.0,0.7999999999994734,1.0,0.0
1.0,0.8999999999997368,1.0,0.0
0.8999999999995836,1.0,1.0,0.0
0.7999999999999998,1.0,1.0,0.0
0.7000000000006934,1.0,1.0,0.0
0.6000000000013869,1.0,1.0,0.0
0.5000000000020587,1.0,1.0,0.0
0.4000000000016644,1.0,1.0,0.0
0.3000000000012483,1.0,1.0,0.0
0.2000000000008322,1.0,1.0,0.0
0.100000000000416,1.0,1.0,0.0
0.0,0.8999999999995836,1.0,0.0
0.0,0.7999999999999998,1.0,0.0
0.0,0.7000000000006934,1.0,0.0
0.0,0.6000000000013869,1.0,0.0
0.0,0.5000000000020587,1.0,0.0
0.0,0.4000000000016644,1.0,0.0
0.0,0.3000000000012483,1.0,0.0
0.0,0.2000000000008322,1.0,0.0
0.0,0.100000000000416,1.0,0.0
0.0,0.0,0.09999999999981467,90.00000000001853
0.0,0.0,0.1999999999995579,80.00000000004422
0.0,0.0,0.2999999999992664,70.00000000007337
0.0,0.0,0.3999999999989749,60.00000000010252
0.0,0.0,0.4999999999986943,50.00000000013056
0.0,0.0,0.5999999999989468,40.00000000010531
0.0,0.0,0.69999999999921,30.000000000079016
0.0,0.0,0.7999999999994734,20.000000000052683
0.0,0.0,0.8999999999997368,10.000000000026333
1.0,0.0,0.09999999999981467,90.00000000001853
1.0,0.0,0.1999999999995579,80.0000000000442
1.0,0.0,0.2999999999992664,70.00000000007333
1.0,0.0,0.3999999999989749,60.000000000102496
1.0,0.0,0.4999999999986943,50.0000000001306
1.0,0.0,0.5999999999989468,40.000000000105324
1.0,0.0,0.69999999999921,30.000000000079016
1.0,0.0,0.7999999999994734,20.000000000052687
1.0,0.0,0.8999999999997368,10.00000000002633
1.0,1.0,0.09999999999981467,90.00000000001855
1.0,1.0,0.1999999999995579,80.00000000004417
1.0,1.0,0.2999999999992664,70.00000000007331
1.0,1.0,0.3999999999989749,60.00000000010251
1.0,1.0,0.4999999999986943,50.00000000013058
1.0,1.0,0.5999999999989468,40.00000000010534
1.0,1.0,0.69999999999921,30.00000000007901
1.0,1.0,0.7999999999994734,20.000000000052683
1.0,1.0,0.8999999999997368,10.000000000026331
0.0,1.0,0.09999999999981467,90.00000000001855
0.0,1.0,0.1999999999995579,80.00000000004425
0.0,1.0,0.2999999999992664,70.00000000007341
0.0,1.0,0.3999999999989749,60.00000000010258
0.0,1.0,0.4999999999986943,50.00000000013061
0.0,1.0,0.5999999999989468,40.00000000010538
0.0,1.0,0.69999999999921,30.000000000079076
0.0,1.0,0.7999999999994734,20.000000000052715
0.0,1.0,0.8999999999997368,10.000000000026349
0.0923679274106517,0.4605742807381244,0.0,100.0
0.9152217186777626,0.5468402906274978,0.0,100.0
0.4500000000018615,0.9133974596216763,0.0,100.0
0.5499999999988205,0.08660254037843171,0.0,100.0
0.6500000000008004,0.9133974596219512,0.0,100.0
0.0888543020725871,0.6509201999022065,0.0,100.0
0.9133974596218086,0.3499999999991206,0.0,100.0
0.3475303635242551,0.08190748804974719,0.0,100.0
0.9103703875043379,0.7586725654707318,0.0,100.0
0.250817301762687,0.9138693290130382,0.0,100.0
0.7459788032314766,0.0795922568967892,0.0,100.0
0.0866025403788042,0.2500000000010402,0.0,100.0
0.09056972474474845,0.8408174380938657,0.0,100.0
0.8495762630717529,0.9153227954948183,0.0,100.0
0.1504237369277891,0.08467720450543256,0.0,100.0
0.9170502595852439,0.150593231699023,0.0,100.0
0.3501362169619658,0.913476104520136,0.0,100.0
0.4000227028286922,0.8268080267265112,0.0,100.0
0.5000037838059687,0.8267971038241898,0.0,100.0
0.4500044144404198,0.7401949275428534,0.0,100.0
0.5500013663751488,0.7401931677420537,0.0,100.0
0.5000009634704363,0.6535903947466358,0.0,100.0
0.3996660322685218,0.6539624100660317,0.0,100.0
0.4492890262150218,0.5674132367139487,0.0,100.0
0.5498816649485162,0.567058380586982,0.0,100.0
0.4998617818618976,0.4804675945786104,0.0,100.0
0.5999572411359391,0.4804104109524929,0.0,100.0
0.3992029949383341,0.4808333042715242,0.0,100.0
0.449844129468241,0.3938707812513985,0.0,100.0
0.3508014145113751,0.394426123139271,0.0,100.0
0.6499731510146841,0.5670034207262445,0.0,100.0
0.7044542185661735,0.4836609274158974,0.0,100.0
0.6507352432846272,0.3943325211712252,0.0,100.0
0.2989417123120309,0.4807819782420583,0.0,100.0
0.4001075906650118,0.3073017552560432,0.0,100.0
0.3000000000029329,0.3071796769753518,0.0,100.0
0.4999919533568893,0.3072147840053002,0.0,100.0
0.4500000000024962,0.2205771365973902,0.0,100.0
0.7516124797967327,0.5701303236396056,0.0,100.0
0.7002642718023645,0.6541163631790484,0.0,100.0
0.7535358109397494,0.3987254670893927,0.0,100.0
0.7000000000012366,0.3071796769756577,0.0,100.0
0.8000000000003891,0.6535898384882719,0.0,100.0
0.7471434102059789,0.738605450528609,0.0,100.0
0.5500000000021403,0.2205771365975497,0.0,100.0
0.8109810542586328,0.304753609815471,0.0,100.0
0.7487737367126539,0.2215627586077859,0.0,100.0
0.3001627035935245,0.8268888562051477,0.0,100.0
0.1994089234458856,0.8296981761685946,0.0,100.0
0.2499286045088542,0.7410578833522045,0.0,100.0
0.1494939110587462,0.7431601482469266,0.0,100.0
0.1967429917984388,0.6534863612147317,0.0,100.0
0.147506470839524,0.5596891567283323,0.0,100.0
0.2461396475416211,0.5647585225755517,0.0,100.0
0.2006125504552567,0.4738835212418009,0.0,100.0
0.1629581819743504,0.3803886475363469,0.0,100.0
0.3488732355465843,0.5672558538991084,0.0,100.0
0.6000008583640313,0.8267954148199791,0.0,100.0
0.8994183955992584,0.6528983889292926,0.0,100.0
0.6499999999991334,0.08660254037864022,0.0,100.0
0.9157740970141776,0.4494733817703521,0.0,100.0
0.8167956118738321,0.4899817334731324,0.0,100.0
0.4498499977837825,0.08393456559302379,0.0,100.0
0.5500007736960179,0.9133979063146327,0.0,100.0
0.2471893802660854,0.08407329706072977,0.0,100.0
0.1856343100128921,0.1794039491425673,0.0,100.0
0.9132469817449552,0.2508911402519999,0.0,100.0
0.6000202362686522,0.6536923509744801,0.0,100.0
0.7499293771789075,0.9137183489341745,0.0,100.0
0.349200695495714,0.2288327370242562,0.0,100.0
0.5500650581848779,0.3939126281557882,0.0,100.0
0.649571690502735,0.7400329444146918,0.0,100.0
0.6994408893754029,0.8265574229272837,0.0,100.0
0.6001320424719053,0.3072989805838405,0.0,100.0
0.8150407418201521,0.818302436705409,0.0,100.0
0.6500000000016609,0.220577136597522,0.0,100.0
0.3499640762739982,0.740782962569714,0.0,100.0
0.298552431323003,0.6535506656128902,0.0,100.0
0.1530678781041704,0.9178724624824317,0.0,100.0
0.9167537064254059,0.8508718537559956,0.0,100.0
0.08296629115975593,0.1498875452108657,0.0,100.0
0.1890575670468488,0.294084236215794,0.0,100.0
0.8440933898604547,0.09385434397709348,0.0,100.0
0.2503952377171325,0.3884573638917705,0.0,100.0
0.07972803913531311,0.3493512757062616,0.0,100.0
0.8380531170040462,0.1999999999995608,0.0,100.0
0.8406928938275631,0.3992789991981978,0.0,100.0
0.2898261153518067,0.1633999302292042,0.0,100.0
0.06578358757521634,0.7469795572487383,0.0,100.0
0.6999999999992162,0.1535898384871379,0.0,100.0
0.5999999999988372,0.1535898384867518,0.0,100.0
0.4999999999989005,0.1535898384865988,0.0,100.0
0.3977345286928258,0.1553736159967034,0.0,100.0
0.832596189432157,0.73014428415014,0.0,100.0
0.06525626353167142,0.5500000000017228,0.0,100.0
0.8366096411895949,0.58268811503156,0.0,100.0
0.2613872612265487,0.2359890604552145,0.0,100.0
0.926794919243098,0.926794919243139,0.0,100.0
0.07320508075687601,0.9267949192431241,0.0,100.0
0.9267949192432314,0.07320508075664824,0.0,100.0
0.07320508075662228,0.0732050807567834,0.0,100.0
0.7753798093615696,0.1497198395936735,0.0,100.0
0.5499999999988205,0.0,0.9133974600567252,8.660253994327498
0.5500000002223373,0.0,0.08660254047865651,91.33974595213432
0.09360647489806603,0.0,0.5371453202746734,46.28546797253266
0.9059727589891989,0.0,0.5363696585961282,46.3630341403872
0.3499999999991207,0.0,0.9133974600569655,8.660253994303455
0.9111456977187434,0.0,0.3490798003270428,65.09201996729573
0.08885430199386257,0.0,0.3490798001927369,65.09201998072632
0.3499999999808575,0.0,0.08660254046704607,91.3397459532954
0.913397460056485,0.0,0.7499999999993415,25.00000000006587
0.7491826980858188,0.0,0.08613067124048158,91.38693287595186
0.08872509783301413,0.0,0.7479584669657552,25.204153303424505
0.7459788028636634,0.0,0.9204077427087631,7.959225729123692
0.09056972471635019,0.0,0.159182561958767,84.08174380412328
0.1554440548105852,0.0,0.9045047171458535,9.54952828541466
0.9094302750857983,0.0,0.1591825620729116,84.08174379270882
0.6498637830002305,0.0,0.08652389563454728,91.34761043654528
0.5999772971921724,0.0,0.173191973522552,82.68080264774481
0.4999962163795877,0.0,0.1732028963738485,82.67971036261522
0.5499955856198628,0.0,0.2598050727453152,74.01949272546852
0.4499986337885261,0.0,0.2598068324565674,74.01931675434332
0.4999990365629171,0.0,0.3464096053838487,65.35903946161517
0.5999991034265846,0.0,0.3464096442449168,65.35903557550843
0.5499999997444056,0.0,0.4330127017947832,56.69872982052178
0.4499998394180081,0.0,0.433012609085317,56.69873909146833
0.4999999730976293,0.0,0.5196152264626854,48.038477353731516
0.5999999949468662,0.0,0.5196152393297895,48.0384760670211
0.4000603233064596,0.0,0.5196500696465386,48.03499303534617
0.4500100493836942,0.0,0.6062235838455294,39.377641615447104
0.350072083327635,0.0,0.6062593992348004,39.374060076519974
0.3495587791896816,0.0,0.4335052844274898,56.64947155725106
0.400013688746903,0.0,0.6928282249798895,30.71717750201107
0.5000020185209049,0.0,0.6928214870834508,30.71785129165494
0.3000142952517202,0.0,0.6928285752269726,30.717142477302765
0.4499999999917283,0.0,0.7794228616448098,22.057713835519042
0.2512989235404786,0.0,0.6061642658249101,39.38357341750903
0.5500000000440867,0.0,0.7794228615916386,22.057713840836154
0.6000003359476443,0.0,0.6928205157259153,30.717948427408494
0.6499999995500672,0.0,0.7794228612230126,22.05771387769876
0.7000000550778186,0.0,0.6928203535315023,30.717964646849797
0.7481067654678478,0.0,0.778289885339513,22.171011466048714
0.8145899395664787,0.0,0.6967908754848077,30.32091245151926
0.7499999984566567,0.0,0.6062177809929821,39.37822190070181
0.1857572588869334,0.0,0.6970883572167329,30.291164278326743
0.2507333546230893,0.0,0.778791928267975,22.120807173202525
0.6499953306873913,0.0,0.2598049259426249,74.01950740573756
0.6999990716486313,0.0,0.3464096264880374,65.35903735119632
0.7499990664017767,0.0,0.2598070832361929,74.01929167638077
0.8025170579673783,0.0,0.3471468489293025,65.28531510706978
0.7504257476045693,0.0,0.4331638022940288,56.683619770597126
0.8507267611977392,0.0,0.2573761510520541,74.26238489479462
0.8508899798364684,0.0,0.4392292254599317,56.077077454006805
0.800125133106597,0.0,0.5206546227494162,47.934537725058355
0.6998363624263505,0.0,0.1731106051498828,82.68893948501176
0.3999991416836735,0.0,0.1732045853783229,82.67954146216773
0.3499996291786603,0.0,0.2598074072291625,74.0192592770838
0.2999997950976633,0.0,0.1732049626874351,82.67950373125652
0.2499999039444828,0.0,0.25980756598611,74.01924340138908
0.1992455390087958,0.0,0.1703960961073845,82.96039038926159
0.1494829485078115,0.0,0.2569541044816092,74.3045895518391
0.1968848374003347,0.0,0.3471233797159861,65.2876620284014
0.1473444797427182,0.0,0.4386131013017776,56.13868986982225
0.2469303850174563,0.0,0.435724387458871,56.42756125411293
0.1956618024956379,0.0,0.5218429420069112,47.815705799308944
0.2499999998933964,0.0,0.08660254058721739,91.3397459412783
0.3499999999393633,0.0,0.7794228616979637,22.057713830203653
0.8007118920879218,0.0,0.1698963995268081,83.01036004731922
0.08660254053482774,0.0,0.6500000004571923,34.99999995428079
0.6500000004701811,0.0,0.9133974598933194,8.660254010668064
0.9133974598933193,0.0,0.6500000004701811,34.999999952981895
0.4499992264698736,0.0,0.08660209377158352,91.33979062284163
0.4499999999989705,0.0,0.9133974601023107,8.660253989768945
0.9170502597986379,0.0,0.8494067682973,15.059323170270018
0.254099885175329,0.0,0.9184537498577845,8.154625014221557
0.3999259862958888,0.0,0.3464919833682969,65.35080166317036
0.5500020619141256,0.0,0.6062189723615479,39.37810276384524
0.2988832535044174,0.0,0.3470766680309861,65.29233319690142
0.6500706526377322,0.0,0.4330377094293495,56.69622905706509
0.6500004074663095,0.0,0.6062180172741588,39.37819827258412
0.7001036557031202,0.0,0.5198178621316898,48.01821378683101
0.3003621276937847,0.0,0.5198243165432065,48.017568345679386
0.07989182594289505,0.0,0.8465153989756306,15.348460102436963
0.8469465046677456,0.0,0.08207927286417699,91.79207271358231
0.8440933894161967,0.0,0.9061456557915314,9.385434420846872
0.1529511297074871,0.0,0.08219493533801817,91.78050646619816
0.8380531163733388,0.0,0.7999999999994729,20.00000000005273
0.1619767223443415,0.0,0.799834290161666,20.016570983833425
0.8391747216398855,0.0,0.6002081080606616,39.979189193933856
0.1621435221654439,0.0,0.602919293686617,39.70807063133834
0.600000000019268,0.0,0.8464101606417213,15.358983935827887
0.5000000000904861,0.0,0.8464101608337533,15.358983916624693
0.3999999999980667,0.0,0.8464101608725948,15.358983912740538
0.2999999999687308,0.0,0.8464101608997662,15.3589839100234
0.6999999995289826,0.0,0.8464101602147744,15.358983978522572
0.9342605467992647,0.0,0.2531277026887451,74.6872297311255
0.06578139503471042,0.0,0.2530432933259759,74.69567066740242
0.06525626334974687,0.0,0.4499999999988346,55.00000000011652
0.9341610583651434,0.0,0.4474161923325934,55.25838076674065
0.07320508072309795,0.0,0.07320508075530147,92.67949192446983
0.9267949192855981,0.0,0.9267949192855981,7.320508071440198
0.07320508066682055,0.0,0.9267949195906876,7.320508040931247
0.9267949195906875,0.0,0.07320508066682056,92.67949193331793
0.2229377899261419,0.0,0.8486878811790207,15.131211882097942
0.7752464147300058,0.0,0.8502506888108109,14.974931118918928
1.0,0.5499999999988205,0.9133974600567252,8.660253994327485
1.0,0.5500000002223373,0.08660254047865651,91.33974595213434
1.0,0.09360647489806603,0.5371453202746734,46.28546797253265
1.0,0.9059727589891989,0.5363696585961281,46.36303414038721
1.0,0.3499999999991207,0.9133974600569655,8.66025399430345
1.0,0.9111456977187434,0.3490798003270428,65.09201996729571
1.0,0.08885430199386257,0.3490798001927369,65.0920199807263
1.0,0.3499999999808575,0.08660254046704607,91.33974595329536
1.0,0.7468074570211313,0.9199358733750859,8.006412662491424
1.0,0.7491826980858188,0.08613067124048158,91.38693287595186
1.0,0.08872509783301413,0.7479584669657552,25.204153303424498
1.0,0.9112749018939089,0.7479584668550658,25.204153314493432
1.0,0.09056972471635019,0.159182561958767,84.08174380412329
1.0,0.1554440548105852,0.9045047171458535,9.54952828541466
1.0,0.9094302750857983,0.1591825620729116,84.08174379270882
1.0,0.6498637830002305,0.08652389563454728,91.34761043654528
1.0,0.5999772971921724,0.173191973522552,82.68080264774478
1.0,0.4999962163795877,0.1732028963738485,82.6797103626151
1.0,0.5499955856198628,0.2598050727453152,74.01949272546842
1.0,0.4499986337885261,0.2598068324565674,74.01931675434328
1.0,0.4999990365629171,0.3464096053838487,65.35903946161513
1.0,0.5999991034265846,0.3464096442449168,65.3590355755083
1.0,0.5499999997444056,0.4330127017947832,56.698729820521635
1.0,0.4499998394180081,0.433012609085317,56.698739091468234
1.0,0.4999999730976293,0.5196152264626854,48.038477353731416
1.0,0.5999999949468662,0.5196152393297895,48.03847606702101
1.0,0.4000603233064596,0.5196500696465386,48.03499303534609
1.0,0.4500100493836942,0.6062235838455294,39.37764161544705
1.0,0.350072083327635,0.6062593992348004,39.37406007651993
1.0,0.3495587791896816,0.4335052844274898,56.64947155725095
1.0,0.400013688746903,0.6928282249798895,30.717177502011033
1.0,0.5000020185209049,0.6928214870834508,30.717851291654913
1.0,0.3000142952517202,0.6928285752269726,30.717142477302737
1.0,0.4499999999917283,0.7794228616448098,22.057713835519017
1.0,0.2512989235404786,0.6061642658249101,39.38357341750896
1.0,0.5500000000440867,0.7794228615916386,22.057713840836136
1.0,0.6000003359476443,0.6928205157259153,30.717948427408476
1.0,0.6499999995500672,0.7794228612230126,22.057713877698763
1.0,0.7000000550778186,0.6928203535315024,30.717964646849786
1.0,0.7481090902835879,0.7782798203616522,22.1720179638348
1.0,0.814282786339621,0.6964741172109288,30.35258827890714
1.0,0.749999998456657,0.6062177809929822,39.3782219007018
1.0,0.1857572588869334,0.6970883572167329,30.29116427832671
1.0,0.2507333546230893,0.778791928267975,22.1208071732025
1.0,0.6499953306873913,0.2598049259426249,74.01950740573744
1.0,0.6999990716486313,0.3464096264880374,65.35903735119625
1.0,0.7499990664017767,0.2598070832361929,74.0192916763807
1.0,0.8025170579673783,0.3471468489293025,65.28531510706976
1.0,0.7504257476045693,0.4331638022940288,56.68361977059712
1.0,0.8507267611977392,0.2573761510520541,74.26238489479458
1.0,0.8508899798364684,0.4392292254599316,56.07707745400683
1.0,0.800125133106597,0.520654622749416,47.93453772505842
1.0,0.6998363624263505,0.1731106051498828,82.68893948501173
1.0,0.3999991416836735,0.1732045853783229,82.67954146216775
1.0,0.3499996291786603,0.2598074072291625,74.01925927708376
1.0,0.2999997950976633,0.1732049626874351,82.6795037312565
1.0,0.2499999039444828,0.25980756598611,74.019243401389
1.0,0.1992455390087958,0.1703960961073845,82.96039038926159
1.0,0.1494829485078115,0.2569541044816092,74.30458955183909
1.0,0.1968848374003347,0.3471233797159861,65.28766202840136
1.0,0.1473444797427182,0.4386131013017776,56.138689869822244
1.0,0.2469303850174563,0.435724387458871,56.427561254112874
1.0,0.1956618024956379,0.5218429420069112,47.815705799308866
1.0,0.2499999998933964,0.08660254058721739,91.33974594127828
1.0,0.3499999999393633,0.7794228616979637,22.057713830203628
1.0,0.8007118920879218,0.1698963995268081,83.01036004731918
1.0,0.08660254053482774,0.6500000004571923,34.99999995428076
1.0,0.9133974598933196,0.6500000004701811,34.999999952981895
1.0,0.6500000004701811,0.9133974598933194,8.660254010668067
1.0,0.4499992264698736,0.08660209377158352,91.33979062284163
1.0,0.4499999999989705,0.9133974601023107,8.660253989768929
1.0,0.8440998673706722,0.9054387760749831,9.4561223925017
1.0,0.254099885175329,0.9184537498577845,8.154625014221551
1.0,0.3999259862958888,0.3464919833682969,65.35080166317029
1.0,0.5500020619141256,0.6062189723615479,39.378102763845185
1.0,0.2988832535044174,0.3470766680309861,65.29233319690135
1.0,0.6500706526377322,0.4330377094293495,56.696229057065025
1.0,0.6500004074663096,0.6062180172741588,39.378198272584136
1.0,0.7001036557031202,0.5198178621316898,48.01821378683101
1.0,0.3003621276937847,0.5198243165432065,48.0175683456793
1.0,0.9200321609002504,0.8466710753564111,15.332892464358908
1.0,0.07989182594289505,0.8465153989756306,15.348460102436958
1.0,0.8469465046677456,0.08207927286417699,91.79207271358229
1.0,0.1529511297074871,0.08219493533801817,91.78050646619818
1.0,0.8380232771321704,0.799834290204456,20.016570979554427
1.0,0.1619767223443415,0.799834290161666,20.016570983833414
1.0,0.8391747216398859,0.6002081080606609,39.979189193933934
1.0,0.1621435221654439,0.602919293686617,39.70807063133828
1.0,0.600000000019268,0.8464101606417213,15.358983935827892
1.0,0.5000000000904861,0.8464101608337533,15.358983916624668
1.0,0.3999999999980667,0.8464101608725948,15.35898391274052
1.0,0.2999999999687308,0.8464101608997662,15.358983910023383
1.0,0.6999999995289826,0.8464101602147744,15.358983978522577
1.0,0.9342605467992647,0.2531277026887451,74.68722973112544
1.0,0.06578139503471042,0.2530432933259759,74.69567066740242
1.0,0.06525626334974687,0.4499999999988346,55.00000000011653
1.0,0.9341610583651434,0.4474161923325934,55.258380766740686
1.0,0.926794919004752,0.926794919004752,7.320508099524812
1.0,0.07320508072309795,0.07320508075530147,92.67949192446984
1.0,0.07320508066682055,0.9267949195906876,7.320508040931245
1.0,0.9267949195906875,0.07320508066682056,92.67949193331792
1.0,0.7754079382673089,0.8499797840461901,15.00202159538101
1.0,0.2229377899261419,0.8486878811790207,15.13121188209793
0.4500000000018616,1.0,0.9133974600568332,8.660253994316692
0.4499999997027733,1.0,0.08660254051547951,91.33974594845203
0.9076320718302293,1.0,0.5394257188813089,46.05742811186912
0.09500008889732137,1.0,0.5360897072940244,46.39102927059761
0.6524696361189333,1.0,0.9180925123399126,8.190748766008753
0.0885799522647519,1.0,0.3487241101681213,65.12758898318792
0.9111456981492151,1.0,0.3490797996374495,65.09202003625502
0.6499999997678401,1.0,0.08660254047727481,91.3397459522725
0.2531925432680322,1.0,0.9199358735715839,8.006412642841628
0.913397460056485,1.0,0.7499999999993416,25.00000000006586
0.2478847955337423,1.0,0.0856285974520032,91.43714025479973
0.08872509842607013,1.0,0.7479584673842842,25.20415326157164
0.8461324857092742,1.0,0.08436963028841941,91.56303697115808
0.8495762630194229,1.0,0.9153227958962418,8.467720410375831
0.0875881546379067,1.0,0.1626736528900961,83.73263471099041
0.3496187779981124,1.0,0.08645677954397353,91.35432204560264
0.399907774724399,1.0,0.1731973503832816,82.68026496167184
0.499984628508548,1.0,0.1732037926670357,82.67962073329643
0.4499820666515093,1.0,0.2598061182481043,74.01938817518959
0.5499944486881747,1.0,0.2598071562245964,74.01928437754034
0.4999960856607343,1.0,0.3464098337008842,65.35901662991161
0.5999984221974477,1.0,0.3464100292426471,65.35899707573533
0.5499990845563859,1.0,0.4330126252285727,56.69873747714277
0.4499991953170763,1.0,0.4330126349196501,56.69873650803501
0.5000000004697454,1.0,0.5196152422261205,48.03847577738799
0.3999998666178597,1.0,0.519615231748736,48.038476825126466
0.5999998479044144,1.0,0.5196152288835959,48.03847711164041
0.5499999753435776,1.0,0.6062177798282483,39.37822201717519
0.649039743811239,1.0,0.6056633913002425,39.43366086997576
0.3484841545873234,1.0,0.2589057731665675,74.1094226833433
0.7000000002209461,1.0,0.5196152408362135,48.038475916378665
0.5998399540236008,1.0,0.6927279228143249,30.727207718567524
0.4999733225755028,1.0,0.69280492220961,30.719507779039038
0.7000000007584081,1.0,0.6928203209167436,30.717967908325686
0.3499998441475816,1.0,0.433012689827228,56.69873101727722
0.299999952897223,1.0,0.5196152394353751,48.03847605646255
0.6499999995637756,1.0,0.2598076212395896,74.01923787604105
0.3500000015704515,1.0,0.6062177832747514,39.37822167252493
0.700643128615902,1.0,0.3467816012974512,65.32183987025492
0.7501071878697171,1.0,0.2598695270760849,74.01304729239145
0.2517949130213604,1.0,0.6051814859725119,39.48185140274887
0.3002991540496128,1.0,0.6926476071567963,30.73523928432044
0.2499999670338969,1.0,0.4330127006430581,56.698729935694246
0.5500000020116516,1.0,0.7794228618209726,22.057713817902766
0.4500000021141829,1.0,0.7794228629574965,22.05771370425038
0.1857382784192597,1.0,0.6964349595434655,30.356504045653516
0.251042847920516,1.0,0.7784888779605448,22.151112203945573
0.8032858130723532,1.0,0.3475907132521661,65.24092867478338
0.849999999723321,1.0,0.2598076189724847,74.01923810275144
0.8524983292607672,1.0,0.4404903551076833,55.950964489231644
0.7538603514989569,1.0,0.4352414751767462,56.47585248232541
0.7992118675520641,1.0,0.5262125996045072,47.3787400395493
0.8370418162939468,1.0,0.6196113511381446,38.03886488618557
0.5499974376124643,1.0,0.08660232583349203,91.3397674166508
0.2982785299266487,1.0,0.345342979317539,65.46570206824615
0.1947677867065406,1.0,0.3460074642380847,65.39925357619158
0.1496578544302867,1.0,0.4360206123500147,56.3979387649986
0.1418536608481771,1.0,0.2585369962136211,74.14630037863792
0.2411872128937392,1.0,0.2543063874103597,74.56936125896411
0.1884495241599352,1.0,0.1708191192135509,82.91808807864496
0.2984044643907084,1.0,0.1726659293353512,82.73340706646493
0.5999999988024416,1.0,0.1732050814094802,82.67949185905196
0.3499999995303378,1.0,0.9133974598931961,8.660254010680402
0.5501500016764068,1.0,0.9160654347922815,8.393456520771855
0.08660254010668644,1.0,0.6500000004701708,34.999999952982996
0.155900132663945,1.0,0.9054387762389062,9.4561223761094
0.7493554142148822,1.0,0.0862303886230413,91.3769611376959
0.7528106196019299,1.0,0.9159267033150212,8.407329668497885
0.8143656894532699,1.0,0.8205960509945983,17.940394900540188
0.2003133383750745,1.0,0.5201457643016837,47.98542356983168
0.3500000023788938,1.0,0.7794228631601747,22.057713683982577
0.6999104331188872,1.0,0.1731533733302884,82.68466266697118
0.4499955278411655,1.0,0.6062152137519811,39.37847862480195
0.400044668421635,1.0,0.6927885420851351,30.72114579148655
0.6507930600331003,1.0,0.7711707950654914,22.88292049345089
0.6507501391665251,1.0,0.4334460335642137,56.65539664357866
0.3994566460476909,1.0,0.3460816715291259,65.39183284708741
0.7992509194773799,1.0,0.172772603050194,82.72273969498055
0.9078844323200208,1.0,0.1628792761145362,83.71207238854632
0.07996783927425288,1.0,0.8466710754753521,15.33289245246482
0.9170337087616927,1.0,0.8501124549291463,14.98875450708538
0.8109424321018586,1.0,0.7059157630090069,29.40842369909933
0.152906686063171,1.0,0.0822615319974351,91.7738468002565
0.74937264329929,1.0,0.611639777786523,38.83602222134776
0.9202719599885179,1.0,0.6506487242006386,34.93512757993615
0.1619767235601074,1.0,0.7998342902250665,20.016570977493405
0.1607695168895323,1.0,0.6000000019664349,39.99999980335657
0.7101735045139933,1.0,0.8366002848838445,16.339971511615563
0.06762856175935028,1.0,0.4499999999988347,55.0000000001166
0.6022643674883261,1.0,0.8446270084822752,15.537299151772498
0.933219210735301,1.0,0.2511332098463317,74.88667901536675
0.4000000009157061,1.0,0.8464101614711307,15.358983852886956
0.5004023955129306,1.0,0.8465576316004031,15.3442368399597
0.30000000294422,1.0,0.8464101604635899,15.358983953641049
0.934743736031339,1.0,0.4499999999988347,55.00000000011653
0.7386117917905646,1.0,0.7640114745028022,23.59885254971982
0.06187004475379432,1.0,0.2499999999994121,75.00000000005882
0.07320508099539413,1.0,0.9267949190046468,7.3205080995353375
0.9267949192974876,1.0,0.07320508041251947,92.67949195874806
0.9267949189215329,1.0,0.9267949194961136,7.320508050388648
0.0732050804093276,1.0,0.07320508066679471,92.67949193332053
0.2244224500713641,1.0,0.8500215956919384,14.997840430806201
0.0,0.4499999997027828,0.08660254051548244,91.33974594845175
0.0,0.09500008889733436,0.5360897072940696,46.39102927059306
0.0,0.90763207161636,0.5394257189280236,46.05742810719767
0.0,0.4500000000018616,0.9133974600568332,8.66025399431669
0.0,0.6524696361045847,0.91809251233088,8.190748766912021
0.0,0.08857995226477211,0.3487241101681557,65.12758898318445
0.0,0.6499999995828183,0.08660254047727999,91.33974595227204
0.0,0.9111456977641788,0.3490797996737616,65.09202003262388
0.0,0.2531925432505017,0.9199358735846834,8.006412641531668
0.0,0.913397460056485,0.7499999999993416,25.000000000065906
0.0,0.2478847955337813,0.08562859745203158,91.43714025479689
0.0,0.08872509842608112,0.747958467384303,25.20415326156972
0.0,0.8461324860010305,0.08436963016307293,91.56303698369271
0.0,0.8495762630194229,0.9153227958962418,8.467720410375849
0.0,0.08758815463795988,0.1626736528901221,83.73263471098781
0.0,0.3496187779981179,0.0864567795439864,91.35432204560134
0.0,0.3999077747244038,0.1731973503833064,82.68026496166938
0.0,0.4999846285085764,0.1732037926670525,82.67962073329474
0.0,0.4499820666283924,0.259806118208083,74.0193881791917
0.0,0.5499944484993105,0.2598071561378308,74.01928438621692
0.0,0.4999960854172628,0.346409833719851,65.35901662801493
0.0,0.5999984219635264,0.3464100293515757,65.35899706484241
0.0,0.5499990845925058,0.4330126252899983,56.698737471000165
0.0,0.449999195120635,0.433012634973164,56.698736502683616
0.0,0.500000000469795,0.5196152422262026,48.038475777379766
0.0,0.3999998667701912,0.519615231757731,48.03847682422696
0.0,0.5999998477874107,0.5196152290374823,48.038477096251796
0.0,0.5499999755217888,0.6062177798305063,39.378222016949415
0.0,0.6490397437757816,0.6056633914334004,39.433660856660026
0.0,0.3484841545834907,0.2589057731599512,74.1094226840049
0.0,0.69999999993837,0.5196152409994682,48.038475900053236
0.0,0.5998399540936996,0.6927279229695412,30.727207703045938
0.0,0.4999733227592037,0.6928049222344151,30.719507776558547
0.0,0.7000000011588924,0.6928203215831601,30.717967841684064
0.0,0.3499998441402464,0.4330126898377031,56.69873101622974
0.0,0.2999999529214117,0.5196152394386878,48.03847605613128
0.0,0.6499999995638357,0.2598076212396282,74.01923787603718
0.0,0.3500000015704955,0.6062177832748487,39.37822167251519
0.0,0.7006431286428196,0.3467816013261354,65.32183986738647
0.0,0.7501071882205532,0.2598695269617125,74.01304730382876
0.0,0.2517949130254294,0.6051814859731509,39.48185140268495
0.0,0.3002991540833942,0.6926476072315757,30.73523927684248
0.0,0.2499999670367173,0.4330127006454215,56.698729935457926
0.0,0.5500000019175086,0.7794228618822607,22.05771381177396
0.0,0.4500000020185653,0.7794228629312496,22.057713706875074
0.0,0.1857382784246867,0.6964349595542727,30.35650404457276
0.0,0.2510428479241237,0.7784888779857847,22.15111220142156
0.0,0.8032858131382337,0.3475907132285272,65.24092867714734
0.0,0.8499999997233972,0.2598076189725237,74.01923810274768
0.0,0.8524983291366491,0.4404903550562872,55.950964494371334
0.0,0.7538603509355548,0.4352414750188656,56.475852498113525
0.0,0.7992118672117338,0.5262125996164719,47.37874003835291
0.0,0.8370418158456553,0.6196113511278378,38.03886488721633
0.0,0.5499974375816451,0.08660232583349724,91.33976741665028
0.0,0.2982785299252781,0.3453429793186226,65.46570206813779
0.0,0.1947677867068156,0.34600746423871,65.39925357612906
0.0,0.149657854430562,0.4360206123503368,56.397938764966334
0.0,0.1418536608482683,0.2585369962137156,74.14630037862847
0.0,0.2411872128938274,0.2543063874104828,74.56936125895179
0.0,0.188449524160054,0.1708191192136176,82.91808807863825
0.0,0.2984044643904806,0.1726659293349824,82.73340706650178
0.0,0.5999999988025089,0.1732050814094865,82.67949185905134
0.0,0.3499999995303376,0.9133974598931962,8.660254010680392
0.0,0.5501500016633725,0.9160654347705672,8.393456522943291
0.0,0.08660254010668644,0.650000000470171,34.99999995298293
0.0,0.1559001326614372,0.9054387762407835,9.456122375921664
0.0,0.7493554143714547,0.08623038852203802,91.37696114779621
0.0,0.7528106195851899,0.9159267033052317,8.407329669476846
0.0,0.8143656895864128,0.8205960511060144,17.9403948893986
0.0,0.2003133383764584,0.5201457643020562,47.985423569794435
0.0,0.4000454140706724,0.692788970282322,30.72110297176785
0.0,0.3500000025036458,0.7794228634104021,22.05771365895983
0.0,0.6999104333345116,0.1731533731741953,82.68466268258054
0.0,0.4500030966753263,0.6062099882676566,39.379001173234386
0.0,0.6507501389730719,0.4334460337028016,56.65539662971984
0.0,0.6507930600833156,0.7711707951800781,22.882920481992237
0.0,0.3994566459684296,0.3460816715353596,65.39183284646408
0.0,0.7992509196439285,0.1727726029658928,82.72273970341071
0.0,0.9078844323538764,0.1628792760630401,83.712072393696
0.0,0.07996783927383977,0.8466710754756682,15.3328924524332
0.0,0.917033708777543,0.8501124549424101,14.988754505759038
0.0,0.8109424322217181,0.7059157631295936,29.40842368704073
0.0,0.1529066860632675,0.08226153199750816,91.77384680024919
0.0,0.7493726433586919,0.6116397779816553,38.836022201834595
0.0,0.9202719597560537,0.6506487241944384,34.935127580556255
0.0,0.1619767235601247,0.7998342902250674,20.016570977493288
0.0,0.1607695168895862,0.6000000019665382,39.999999803346206
0.0,0.7101735045200772,0.8366002848960867,16.33997151039137
0.0,0.06762856175934606,0.4499999999988347,55.00000000011651
0.0,0.6022643671573895,0.8446270085168001,15.537299148320027
0.0,0.9332192105842962,0.2511332098414825,74.88667901585177
0.0,0.5004023956374418,0.8465576314872937,15.34423685127066
0.0,0.4000670670884882,0.8464347397201867,15.356526027981353
0.0,0.3000000028390769,0.8464101605421458,15.358983945785443
0.0,0.9347437357862757,0.4499999999988347,55.00000000011658
0.0,0.7386117921263418,0.7640114747072928,23.598852529270783
0.0,0.06187004475384039,0.2499999999994121,75.00000000005882
0.0,0.07320508099539447,0.9267949190046465,7.320508099535357
0.0,0.9267949192974876,0.0732050804125195,92.67949195874807
0.0,0.9267949189215329,0.9267949194961136,7.320508050388665
0.0,0.0732050804093276,0.07320508066679471,92.67949193332055
0.0,0.224422450047053,0.8500215957156928,14.99784042843074
0.4500000000018615,0.9133974596216763,1.0,0.0
0.09236792741065183,0.4605742807381246,1.0,0.0
0.5499999999988205,0.08660254037843171,1.0,0.0
0.9152217186777626,0.5468402906274977,1.0,0.0
0.6500000000008004,0.9133974596219511,1.0,0.0
0.08885430207258684,0.6509201999022066,1.0,0.0
0.9133974596218086,0.3499999999991206,1.0,0.0
0.3475303635242556,0.08190748804974737,1.0,0.0
0.910370387504338,0.7586725654707316,1.0,0.0
0.250817301762687,0.9138693290130382,1.0,0.0
0.7459788032314766,0.07959225689678914,1.0,0.0
0.0866025403788042,0.2500000000010402,1.0,0.0
0.09056972474474828,0.8408174380938658,1.0,0.0
0.8495762630717529,0.9153227954948183,1.0,0.0
0.1504237369277891,0.08467720450543256,1.0,0.0
0.9170502595852439,0.150593231699023,1.0,0.0
0.3501362169619657,0.9134761045201358,1.0,0.0
0.4000227028286921,0.8268080267265111,1.0,0.0
0.5000037838059685,0.8267971038241898,1.0,0.0
0.4500044144404199,0.7401949275428532,1.0,0.0
0.5500013663751493,0.7401931677420538,1.0,0.0
0.5000009634704367,0.6535903947466357,1.0,0.0
0.3996660322685219,0.6539624100660313,1.0,0.0
0.4492890262150223,0.5674132367139484,1.0,0.0
0.5498816649485166,0.567058380586982,1.0,0.0
0.4998617818618981,0.4804675945786104,1.0,0.0
0.5999572411359394,0.4804104109524929,1.0,0.0
0.3992029949383348,0.4808333042715239,1.0,0.0
0.4498441294682419,0.3938707812513985,1.0,0.0
0.350801414511376,0.3944261231392705,1.0,0.0
0.6499731510146847,0.5670034207262443,1.0,0.0
0.7044542185661739,0.4836609274158971,1.0,0.0
0.6507352432846276,0.3943325211712253,1.0,0.0
0.2989417123120317,0.480781978242058,1.0,0.0
0.4001075906650131,0.307301755256043,1.0,0.0
0.3000000000029341,0.3071796769753511,1.0,0.0
0.4999919533568903,0.3072147840053005,1.0,0.0
0.450000000002498,0.2205771365973903,1.0,0.0
0.7516124797967334,0.5701303236396051,1.0,0.0
0.7002642718023654,0.6541163631790483,1.0,0.0
0.7535358109397499,0.3987254670893925,1.0,0.0
0.700000000001237,0.3071796769756575,1.0,0.0
0.8000000000003902,0.6535898384882713,1.0,0.0
0.7471434102059794,0.738605450528609,1.0,0.0
0.5500000000021421,0.2205771365975503,1.0,0.0
0.8109810542586331,0.3047536098154708,1.0,0.0
0.7487737367126541,0.2215627586077858,1.0,0.0
0.3001627035935243,0.8268888562051476,1.0,0.0
0.1994089234458853,0.8296981761685946,1.0,0.0
0.2499286045088535,0.7410578833522043,1.0,0.0
0.1494939110587456,0.7431601482469269,1.0,0.0
0.1967429917984385,0.6534863612147316,1.0,0.0
0.1475064708395241,0.5596891567283324,1.0,0.0
0.2461396475416219,0.564758522575552,1.0,0.0
0.2006125504552572,0.4738835212418009,1.0,0.0
0.1629581819743508,0.380388647536347,1.0,0.0
0.3488732355465846,0.567255853899108,1.0,0.0
0.6000008583640315,0.826795414819979,1.0,0.0
0.8994183955992586,0.6528983889292923,1.0,0.0
0.6499999999991334,0.08660254037864022,1.0,0.0
0.9157740970141776,0.4494733817703521,1.0,0.0
0.8167956118738322,0.4899817334731322,1.0,0.0
0.4498499977837827,0.0839345655930238,1.0,0.0
0.5500007736960179,0.9133979063146327,1.0,0.0
0.2471893802660856,0.08407329706072986,1.0,0.0
0.1856343100128922,0.1794039491425674,1.0,0.0
0.9132469817449552,0.2508911402519999,1.0,0.0
0.6000202362686529,0.6536923509744802,1.0,0.0
0.7499293771789075,0.9137183489341744,1.0,0.0
0.3492006954957154,0.228832737024256,1.0,0.0
0.5500650581848785,0.3939126281557884,1.0,0.0
0.6495716905027354,0.7400329444146917,1.0,0.0
0.6994408893754032,0.8265574229272836,1.0,0.0
0.6001320424719063,0.3072989805838408,1.0,0.0
0.8150407418201524,0.818302436705409,1.0,0.0
0.650000000001662,0.2205771365975229,1.0,0.0
0.3499640762739978,0.7407829625697137,1.0,0.0
0.298552431323003,0.6535506656128901,1.0,0.0
0.1530678781041704,0.9178724624824317,1.0,0.0
0.9167537064254059,0.8508718537559956,1.0,0.0
0.08296629115975593,0.1498875452108657,1.0,0.0
0.189057567046849,0.2940842362157939,1.0,0.0
0.8440933898604551,0.09385434397709343,1.0,0.0
0.2503952377171331,0.3884573638917702,1.0,0.0
0.07972803913531329,0.3493512757062616,1.0,0.0
0.8380531170040464,0.1999999999995609,1.0,0.0
0.8406928938275633,0.3992789991981976,1.0,0.0
0.2898261153518072,0.1633999302292045,1.0,0.0
0.06578358757521613,0.7469795572487384,1.0,0.0
0.6999999999992164,0.153589838487138,1.0,0.0
0.5999999999988372,0.1535898384867515,1.0,0.0
0.4999999999989004,0.1535898384865982,1.0,0.0
0.3977345286928265,0.1553736159967034,1.0,0.0
0.8325961894321573,0.7301442841501397,1.0,0.0
0.06525626353167133,0.5500000000017229,1.0,0.0
0.8366096411895954,0.5826881150315597,1.0,0.0
0.2613872612265492,0.2359890604552144,1.0,0.0
0.926794919243098,0.926794919243139,1.0,0.0
0.07320508075687601,0.9267949192431241,1.0,0.0
0.9267949192432314,0.07320508075664824,1.0,0.0
0.07320508075662228,0.0732050807567834,1.0,0.0
0.7753798093615698,0.1497198395936735,1.0,0.0
0.4999968966135265,0.5000031033864761,0.5,50.000000000000036
0.6629662681545129,0.6900228929596794,0.309986116532906,69.00138834670952
0.3162652815796114,0.6836543714397877,0.3162651164518346,68.37348835481652
0.6500217850224046,0.6823853769631292,0.6975526837610737,30.24473162389264
0.6499990824113784,0.3024598744069056,0.317540666631242,68.24593333687584
0.3014184655811337,0.6984228950134588,0.621388931303815,37.86110686961856
0.6988599548652995,0.3011486669252124,0.6189555217064541,38.10444782935462
0.3500538750242645,0.3071753678573634,0.6928399451106162,30.716005488938418
0.3017524898981927,0.3786047325799647,0.3013822958234502,69.86177041765504
0.7518786529893673,0.4999998928183561,0.4618801430467461,53.8119856953254
0.468011993916836,0.2455573967920771,0.4803483980445932,51.965160195540705
0.5498930644359964,0.4516497071455164,0.7550115501560638,24.49884498439365
0.513517701220803,0.4997528350159195,0.2485120279620602,75.14879720379405
0.5133070920663683,0.7513674329328958,0.500271174957674,49.97288250423263
0.2494908102806953,0.4700604007305687,0.5297443332525456,47.0255666747455
0.7741115017926937,0.5015864278103032,0.2300193365144534,76.99806634855469
0.2373493348522623,0.5169268170298412,0.7648947769335759,23.510522306642454
0.2314416222985644,0.232151758196125,0.4805681110269779,51.94318889730227
0.7713330600095797,0.7502095134774529,0.5088662640159158,49.113373598408444
0.7782358352533256,0.5000000000025587,0.7505561253820632,24.9443874617937
0.4545868770238874,0.2258923689682404,0.2280515725255794,77.19484274744215
0.4544451180874555,0.771855633827667,0.7739979641056068,22.60020358943934
0.5452306415696052,0.2261805814136305,0.7738194186314638,22.618058136853637
0.4860831038216863,0.7836950766921533,0.2163031617327376,78.36968382672616
0.789813931586279,0.1959133880631599,0.8040827830832249,19.591721691677517
0.2035866457650692,0.544162657196976,0.2054338003233735,79.45661996766266
0.2514060576492154,0.1985480341652748,0.2028844217991392,79.71155782008614
0.7901561623028552,0.2092807718166787,0.4490857264809821,55.09142735190179
0.206228532468289,0.7946512661569862,0.4588189980935257,54.11810019064745
0.2023400038202621,0.7241776932171814,0.8002216663380477,19.97783336619527
0.7919434666454958,0.2046950923289367,0.2021632274833927,79.78367725166075
0.2433504828887076,0.1870572104324414,0.8163306930585434,18.366930694145676
0.7975510846699817,0.7917108517235015,0.7947108047918071,20.52891952081931
0.8108706401771515,0.7510168936277766,0.1948146901837208,80.51853098162796
0.4158538972475395,0.58343275662934,0.8081989615811676,19.180103841883277
0.2000486519703104,0.8005572212064123,0.199747923631889,80.0252076368111
0.1810550295176294,0.5745038227612723,0.3894255830239362,61.05744169760642
0.4808670159126003,0.6269026510930873,0.637303333640359,36.26966663596415
0.8221400876832876,0.5986836382351246,0.6010062233478738,39.89937766521263
0.8191179679901398,0.3653798863327996,0.3553592558031394,64.46407441968607
0.6457710336370164,0.5186747940344787,0.6119892547455801,38.80107452544201
0.8254172159450479,0.6409863526965622,0.3743797109721216,62.562028902787844
0.1766535727948515,0.3597227284490402,0.6583480490692287,34.16519509307716
0.176264446394632,0.1772015554786943,0.6460980113656907,35.39019886343097
0.4910460849300328,0.6476209535010825,0.3523247377481868,64.76752622518136
0.3875469206262474,0.8278312069274,0.3968399825876899,60.316001741231055
0.3874398137859533,0.6028940260098786,0.172093293540848,82.7906706459152
0.6915963377256754,0.3520431898374287,0.8205277427603854,17.947225723961466
0.3555987384269341,0.5247749627566161,0.3936407150769698,60.63592849230303
0.6178545373732692,0.1772890300294741,0.175718360832009,82.42816391679914
0.824346587346481,0.1750553314493059,0.6304428670328124,36.955713296718756
0.3494896475019902,0.1706722107512425,0.36147843656071,63.852156343929046
0.826863492602085,0.4235029072164083,0.600575024095559,39.94249759044409
0.6236261172765816,0.6195284745984172,0.465655436333969,53.43445636660314
0.6550034109562667,0.8325979651110036,0.2049888130224655,79.50111869775343
0.5678604602536057,0.8315438588748356,0.6535399530291006,34.64600469708994
0.6219367805388497,0.8116453755315404,0.8230040449076168,17.699595509238343
0.5678783692534705,0.346432181591403,0.1683843278573056,83.1615672142695
0.6252707884051557,0.3768076115370285,0.4765432506534161,52.34567493465841
0.3909612920444472,0.4725073998916242,0.638847180258653,36.11528197413474
0.5732363436903097,0.1761747681716005,0.6056146467307536,39.43853532692468
0.1741276471887977,0.3581162911926113,0.1773799450304276,82.26200549695726
0.6000425372501645,0.1622462789692721,0.4041694020037187,59.58305979962814
0.1772524936529574,0.8255931242239877,0.6317335969066248,36.826640309337584
0.5733366291957966,0.6417869307549123,0.1703266906545625,82.96733093454381
0.4631369464336372,0.3845283496891225,0.3720256333510329,62.79743666489676
0.5732621721224346,0.8296469671214189,0.3583057107742846,64.16942892257157
0.4004248670648934,0.4123566472566499,0.8344411002825801,16.555889971741998
0.5216419809492377,0.3451381318811551,0.6164973274265556,38.350267257344456
0.1615630817708159,0.599683677023333,0.6352060516768707,36.479394832312984
0.5999432661037658,0.5959113052360546,0.8377877041736966,16.221229582630357
0.7463003917381555,0.8335110943946316,0.3592259754889994,64.07740245110011
0.1650497707199289,0.3482894264408629,0.8302999746702966,16.97000253297036
0.3999983128257975,0.838901608985067,0.627547131342599,37.245286865740155
0.8362662297362172,0.627413232897204,0.8399971712922307,16.000282870776946
0.4001988354901066,0.372044937800426,0.160895907667472,83.91040923325282
0.1596025399455101,0.3999995036712548,0.4039245071434552,59.60754928565452
0.4000439642715742,0.1635183139947037,0.6143277312182089,38.56722687817915
0.8371835413093025,0.3613512265559438,0.1632516175716507,83.674838242835
0.3167829345027082,0.8366310159133976,0.8366109732185378,16.338902678146244
0.3501086871899933,0.8465956939058027,0.1533718373293324,84.66281626706675
0.6468291956324793,0.4658615649631004,0.3394492181581014,66.05507818418991
0.8385712027413867,0.3466104632706457,0.745971739098642,25.4028260901358
0.4017139918814213,0.2505121279896533,0.8478565110928424,15.214348890715772
0.3707254402660762,0.6702427067819513,0.4728447340603005,52.71552659396998
0.8371805253790634,0.8337999772558912,0.6378276813303347,36.21723186696655
0.1588617038149382,0.2498670450794498,0.3316132807224289,66.83867192775718
0.6428318677167614,0.8462481372688321,0.5020648546717568,49.793514532824396
0.3434595934179313,0.3493750994980709,0.4757287536312576,52.427124636874275
0.6499999999990563,0.1459345052972436,0.8540654947911372,14.593450520886295
0.1565132381106048,0.7189323400037714,0.3286022053015695,67.13977946984302
0.6376077790253971,0.4993136984619136,0.1516664437299553,84.83335562700448
0.7268052802713622,0.6266345528974365,0.1506919665462996,84.93080334537004
0.8611591555298052,0.4489249988275627,0.8620459485460182,13.795405145398188
0.1704002788187351,0.8608469590590168,0.8532960599271727,14.670394007282761
0.5315884868576743,0.3467749311248686,0.8600158015265176,13.998419847348247
0.1460989482258132,0.6702592096595251,0.1425327150159528,85.74672849840466
0.7284274203992397,0.1468725183150812,0.3262876192375671,67.37123807624334
0.3324477632580627,0.692340205514593,0.8619623427170817,13.803765728291852
0.1444268977093722,0.6656130560788556,0.5021397023888237,49.78602976111769
0.2550630681571741,0.8558879734396329,0.3293735289333922,67.06264710666083
0.7053911596814454,0.1438420455694996,0.5498475237337803,45.01524762662197
0.6909957886049964,0.1664663958388282,0.6964609991561723,30.353900084382786
0.3999999999540106,0.1355476221797787,0.757721416777346,24.227858322265426
0.8668427028093093,0.5605757550473328,0.1382160257153899,86.17839742846097
0.2998666313685008,0.7119166872664672,0.1331489677751615,86.68510322248385
0.8595325766926043,0.3309653878442231,0.4918585044637901,50.81414955362096
0.7068083971898016,0.6950161820823382,0.8587063305618062,14.129366943819395
0.8586108740224248,0.5022116547470222,0.3669097409055483,63.309025909445175
0.3716241130253367,0.140349608795385,0.1431703110786942,85.68296889213063
0.1487796329125629,0.596157866202908,0.8552456032926381,14.475439670736215
0.3153607920143516,0.4843628814621534,0.14114062565549,85.88593743445102
0.7019203643467264,0.3794173825951069,0.2079757094373315,79.20242905626691
0.1404497579012741,0.1339609239326656,0.1358323081776293,86.41676918223706
0.3177327052458425,0.860181397402847,0.5150107650569629,48.49892349430377
0.1385575910642345,0.3295524779413281,0.5251538807132993,47.484611928670134
0.8615317741788573,0.2308232382572323,0.3256919946773011,67.43080053226988
0.4822951011387343,0.1379365291323199,0.3330066959584105,66.69933040415899
0.7054535874586865,0.853653810802445,0.6989720297324947,30.102797026750554
0.8639980134068406,0.7724153469791694,0.4056262070644168,59.437379293558315
0.63492684583593,0.720019116858319,0.5631003473569791,43.6899652643021
0.4708935854292714,0.8677251105364834,0.8716473432237901,12.835265677621003
0.4893200630256225,0.1367892387364373,0.8632107611828501,13.678923881715006
0.8559641178729278,0.6891127215893077,0.7097760809803327,29.022391901966753
0.547149522016711,0.8702391973442107,0.1297605771926123,87.02394228073875
0.518380454633325,0.7007142706466909,0.8724186810100504,12.758131898994975
0.864727932592179,0.8675796213668139,0.1332837301478002,86.67162698521996
0.331062891742066,0.1346643780911171,0.495723609252386,50.427639074761444
0.1268364406195637,0.4814707130998934,0.2993648026296664,70.06351973703337
0.6887902771663569,0.4879994112848257,0.8594822438907632,14.051775610923693
0.4527778780715228,0.8731840943811214,0.5070983726376393,49.29016273623611
0.4495756974581082,0.4925709353317454,0.1248537117048669,87.51462882951333
0.8782298689287492,0.2622206739446418,0.8729839928030082,12.701600719699183
0.8744054598330281,0.5734726880800043,0.4797709421112314,52.02290578887683
0.1429460259124874,0.129985642016634,0.5182356914253841,48.17643085746163
0.3777602948796218,0.5002509611167327,0.2613440036123672,73.86559963876329
0.2166051537454143,0.1335268079263391,0.3828542719141113,61.71457280858886
0.6822812586768772,0.4149537761175505,0.6969658166131282,30.303418338687194
0.8429581927652178,0.8696586776493621,0.5032522303626461,49.67477696373539
0.3352962960530749,0.5861921931102565,0.6953991199534799,30.46008800465205
0.5252153242852058,0.2647911633746306,0.3558027098125179,64.41972901874821
0.8666366485517079,0.6401974907324499,0.2464741748338704,75.352582516613
0.8588315338156762,0.8583483167073747,0.2753776957497062,72.46223042502933
0.4049813313109294,0.8744141146268878,0.2724136775985326,72.75863224014675
0.130987999664821,0.5311744053687204,0.5073109098556435,49.26890901443569
0.1279644999694187,0.1278886627230906,0.8620950352351188,13.790496476488133
0.3751924677330076,0.5457484047317722,0.5260093939218615,47.39906060781389
0.1225192246652754,0.4601460198624974,0.7275517381030341,27.244826189696635
0.2915755915569244,0.8066215396399073,0.7051458665641133,29.485413343588714
0.2975735464259294,0.5632466713537151,0.8758019535527075,12.419804644729272
0.2686000055300202,0.4301099616124337,0.8656613876137365,13.433861238626369
0.7089522996639182,0.5794145959649494,0.3655256663935919,63.44743336064089
0.6297075624175004,0.24560200880127,0.5053411510572847,49.465884894271525
0.5034913627259253,0.1261219407977652,0.1303428788981523,86.96571211018484
0.8746630692272569,0.1298214747550148,0.1263593351011479,87.3640664898852
0.7363148157326096,0.1248708668498093,0.1191929901112586,88.08070098887414
0.5061785976516029,0.5059763453774115,0.8689916192036546,13.100838079634547
0.1219646427604056,0.4706254398892219,0.1324236450061661,86.75763549938341
0.4645574840319537,0.6957734355337405,0.1220406670367623,87.79593329632384
0.5353166594502532,0.5258086923833841,0.3757656523568217,62.42343476431788
0.1280422246911609,0.8721940234551563,0.3775865933162889,62.241340668371144
0.8761930362099477,0.300667269274866,0.6251436202311064,37.48563797688936
0.1258391066457361,0.2629986381993853,0.7352352364526649,26.476476354733553
0.6186838014586015,0.573580979152547,0.2717018514792243,72.82981485207767
0.4724141276004277,0.3335943100433282,0.7405534994458034,25.94465005541968
0.8717754535242956,0.8732533322286324,0.8732533320154777,12.674666798452238
0.493606534946273,0.1185267913670439,0.465571356522118,53.44286434778825
0.8846479231504695,0.736441085255064,0.8748732600646404,12.512673993535977
0.6663424656086713,0.7384835290336123,0.431551806574664,56.84481934253367
0.5768908211349051,0.5735002176343357,0.7100153953049048,28.998460469509546
0.5220880429830789,0.4763289906746884,0.6276183153557202,37.23816846442801
0.4000000021879873,0.8855327523258069,0.7505341528881767,24.946584711182375
0.2596114517476948,0.6010311116954001,0.4926423465176432,50.7357653482357
0.2878826364180492,0.2337550008474937,0.6009962085788809,39.90037914211193
0.5998098861631469,0.7546286463377102,0.1167051265451257,88.32948734548738
0.3338691811345446,0.2646660697013705,0.1252308246560017,87.47691753439992
0.2932267794863855,0.1318273813894088,0.6825381395346374,31.74618604653629
0.8785295598483414,0.1237152514918447,0.8676312305832168,13.23687694167834
0.3433971744674172,0.1260017061243471,0.8761084613074946,12.389153869250551
0.7013822360241336,0.2711161842227607,0.1290555731873904,87.094442681261
0.7483768654036066,0.6237261500454834,0.4981916574415007,50.18083425584996
0.5999954960483462,0.1146772271084709,0.2856183018448469,71.43816981551535
0.4684692170740515,0.3739251974844258,0.5014508158057379,49.85491841942625
0.4963371715465348,0.6262547593534794,0.4785352718781989,52.146472812180185
0.8836587364829133,0.5500012539759754,0.7007213271628787,29.92786728371214
0.8800706502681908,0.7119158992351996,0.5706038791276975,42.93961208723027
0.5038861023143213,0.2517111467300035,0.1138008176947723,88.61991823052287
0.5500014576460734,0.1117796949535408,0.7216885471295235,27.831145287047665
0.3916656318452149,0.287516244582993,0.3235251676942376,67.64748323057633
0.1244710383007647,0.8771937614674825,0.1226842090076947,87.73157909923053
0.2557397493273447,0.4989851041873807,0.315147675121853,68.48523248781473
0.1238147586692577,0.4654894165838133,0.872654112264665,12.734588773533515
0.1192979879285931,0.6074251122374035,0.2780278093984779,72.1972190601522
0.2906239648538824,0.311857503232742,0.810829103402504,18.91708965974961
0.1310101165902854,0.7161646044045975,0.689385849747369,31.061415025263162
0.7554259609907622,0.7315535172883556,0.6374633019039561,36.253669809604425
0.5596285892433471,0.3878573061593,0.2887120787818716,71.1287921218129
0.7394769416972107,0.3267715897555721,0.4477762285537176,55.222377144628226
0.2886734892685652,0.3633883772234155,0.5926764629931393,40.73235370068611
0.8746419356162678,0.4317695159537014,0.2628094484362649,73.71905515637351
0.1550464898020879,0.1355481323423908,0.266585502422538,73.34144975774625
0.8803895135528463,0.142707018297942,0.5166416908083599,48.335830919163996
0.6276937487251111,0.2654490896846278,0.8849925058167853,11.50074941832147
0.5240741523041146,0.8797963054502621,0.7596784490507725,24.032155094922775
0.7098034626950038,0.4267932438900215,0.5549643710497467,44.50356289502537
0.7284698005401086,0.8733509557092545,0.8745892492112084,12.541075078879178
0.8900820072849794,0.4510181054719087,0.4901598416211816,50.984015837881806
0.1160102222057569,0.2482543315081586,0.8810913124001682,11.890868759983189
0.419293196601414,0.7224549182203936,0.5806349291858933,41.93650708141071
0.8763186798732633,0.1256627328756456,0.7382185448041786,26.17814551958216
0.7525746911460587,0.6241881243651101,0.7445923707737068,25.54076292262934
0.8906014405893876,0.6996387838625002,0.1155107148544992,88.44892851455012
0.3208996948419124,0.4246311742471819,0.7347886547971855,26.521134520281482
0.7606179964861833,0.1146817523981525,0.8867150136969238,11.32849863030763
0.3550754833825043,0.7029781022001673,0.7384407971318226,26.155920286817768
0.1193757326385228,0.2431243238705421,0.2030607815634068,79.69392184365938
0.4008113782734131,0.2959332245212218,0.5763562658833562,42.36437341166441
0.6997607840956016,0.8914039869979552,0.1085960131107017,89.14039868892979
0.6320268032209071,0.4991116064902247,0.490989344171215,50.90106558287851
0.8622917144049604,0.1192711065433273,0.3908769717986085,60.91230282013914
0.6066305516276164,0.3134458496498713,0.7051942112012246,29.48057887987756
0.8902428014891196,0.2514320121905918,0.1435106394132929,85.64893605867077
0.1228213020671496,0.4563813530925987,0.6046125571396072,39.538744286039346
0.4237992574078265,0.6852032315413096,0.2562104757373363,74.37895242626634
0.2761810158353667,0.2722028867582644,0.3703180910470626,62.968190895293795
0.5004178847993908,0.6582097849365902,0.757675427479811,24.23245725201894
0.5516574717159147,0.879461076859953,0.2502525805819286,74.9747419418071
0.2230060782623535,0.6614047317513433,0.2386062282838562,76.13937717161433
0.749987715660798,0.4521264084725469,0.1153661623068102,88.46338376931898
0.4723026331608486,0.7663155280189268,0.3355843780396182,66.4415621960382
0.124739369683716,0.8738299716440642,0.5226485683504918,47.735143164950856
0.4847053805112032,0.2356282767683979,0.6670664120534029,33.29335879465972
0.2696376177573987,0.5948126814220422,0.1160368815335082,88.39631184664917
0.2358929219609437,0.4675038826413986,0.6521107627882377,34.78892372117629
0.3876982320633534,0.1152170606182537,0.2606730033580729,73.93269966419278
0.739816758504391,0.8806526750219905,0.5739427122251299,42.605728777487066
0.119576230402739,0.3586534768656618,0.2882172429643197,71.17827570356805
0.2772752810989829,0.4334630010857908,0.416281931859196,58.37180681408043
0.7002434352762977,0.1075609820145462,0.4368930121399929,56.31069878600074
0.3222598430305981,0.7879109089125383,0.2553408038340074,74.46591961659924
0.7208301883390233,0.7712238688964383,0.1147552615875566,88.52447384124429
0.1086678687911884,0.5857995367613535,0.7423299292522146,25.767007074778583
0.2404069545245226,0.6885699263588984,0.4108412008924533,58.915879910754725
0.7577802483703194,0.2764558821564761,0.890763980552618,10.923601944738206
0.4500114507464841,0.8103945479118335,0.1043719045105227,89.56280954894774
0.7768384242992021,0.7289225846423183,0.3081160619975771,69.1883938002423
0.8809017248836943,0.8728001455580946,0.7484277256380155,25.157227436198475
0.7051897054037213,0.6225438206941317,0.609805251736005,39.01947482639953
0.5829973669178408,0.613809068959319,0.5774588571302169,42.25411428697835
0.7621919787646211,0.2976516651364809,0.2732180324551534,72.67819675448469
0.553340521519868,0.7027404559196716,0.269027939223815,73.09720607761854
0.2439769658262984,0.2525371772656847,0.7120132315419835,28.79867684580168
0.875086269383069,0.124945672488339,0.2563224500265084,74.3677549973492
0.2292768569528968,0.6312460072143461,0.7291690061197046,27.083099388029577
0.7370355909292827,0.2800222059020991,0.7330074515176971,26.699254848230304
0.483267774661978,0.8948154506082727,0.394485687163518,60.55143128364823
0.147398084459796,0.1075288907802022,0.7427645094371265,25.72354905628737
0.1220634299729322,0.8767774653413758,0.7355744886661633,26.44255113338375
0.421167544982695,0.7634088222620944,0.8891393354606882,11.086066453931188
0.2434201541741859,0.8844888050259888,0.1154818220471062,88.45181779528937
0.6587052763677339,0.8921900808251426,0.3065865907791256,69.3413409220875
0.1137148641578498,0.7110040821321647,0.8858104670598633,11.41895329401369
0.7609017478325775,0.8896954661922657,0.2124679713172459,78.75320286827537
0.2573643410087388,0.1160027229608352,0.1160991402067243,88.3900859793276
0.117244547953037,0.2203451956162763,0.4415942086834006,55.840579131659986
0.5668739525045304,0.2573744401596195,0.2457081434797886,75.4291856520212
0.2780354562886318,0.3717832494431875,0.1167134640173689,88.32865359826312
0.7521269355364434,0.6224877733878391,0.2652328519274644,73.4767148072536
0.4647707245416246,0.5364816474559169,0.7115226981303362,28.847730186966405
0.4997417035304564,0.7376383349019012,0.6712819203035906,32.87180796964097
0.5542289364317073,0.8950689231018121,0.557955259335887,44.20447406641135
0.6004600381927104,0.1153827538311058,0.5100405583317709,48.99594416682296
0.1204169285748444,0.8781553037853672,0.254172534102279,74.58274658977213
0.8783317664824158,0.8912330699290317,0.3898746527373643,61.012534726263546
0.8931751590192747,0.2427545139547174,0.7274575727548601,27.254242724513997
0.7896313159117064,0.5353643051561586,0.8950186761984924,10.498132380150775
0.8907733261308337,0.4354840458392428,0.6952668663207296,30.47331336792701
0.7582927739433072,0.5092189343768783,0.6370058287943955,36.299417120560456
0.2720188869874754,0.113418755942122,0.2812094295009688,71.8790570499032
0.7897255358134417,0.259815259126434,0.5558346391887307,44.41653608112693
0.8913353650374077,0.7406489511533747,0.297950996507671,70.20490034923289
0.5503106366602878,0.4407720301792338,0.1050158607729362,89.49841392270645
0.6000003148503756,0.8972797837085176,0.8972228475537596,10.277715244624055
0.6969270633462677,0.1026256729201828,0.2249224282153837,77.50775717846167
0.9014662864614671,0.4526078578441894,0.1428287700017999,85.71712299981995
0.5008364658960722,0.5906148373712987,0.09959008782587712,90.04099121741234
0.2466430468479633,0.1139097684179124,0.5755709574377682,42.44290425622324
0.1139559099762697,0.2706919413295749,0.6209852496635371,37.901475033646335
0.4495995705193799,0.4047096470717084,0.2595530019961313,74.04469980038694
0.8948313635693425,0.5130282776887214,0.5850658031462899,41.493419685370995
0.6685089116586076,0.7128823974515038,0.198059515135475,80.19404848645256
0.8895975828766284,0.3179173671765595,0.2559817061957948,74.40182938042055
0.4899302800717912,0.1031658647135415,0.5785108996717331,42.148910032826755
0.5030439546240296,0.2438435317683748,0.8990634511517963,10.093654884820376
0.2957421982829507,0.8929978707702737,0.6256402184352606,37.435978156474
0.6888962942559369,0.2347560826268806,0.4015797731670913,59.842022683290914
0.2679961164853452,0.5673582490337394,0.6030953186966896,39.69046813033108
0.2948303925097653,0.7465124329951393,0.5160785181211542,48.392148187884594
0.2448796247227842,0.4381522513658249,0.2187064896791815,78.12935103208191
0.5584571710498829,0.725293984166413,0.3997376686906087,60.02623313093918
0.1076318417856257,0.7625318034681016,0.5595159513147523,44.04840486852485
0.4479297701815361,0.8991147317698577,0.1722631245153894,82.77368754846103
0.09633833783955384,0.4999991371924368,0.405499617407432,59.450038259256814
0.7565213272098261,0.4577735239342818,0.3586280812139255,64.13719187860751
0.3511719155001892,0.3371217273972573,0.9027175081123175,9.728249188768254
0.2375141593230101,0.7785385796499446,0.8935200129920282,10.647998700797201
0.5931213337896507,0.4365184906836754,0.894764753510546,10.52352464894541
0.3569893598012244,0.2379036098535766,0.4537572869109504,54.624271308905
0.7395092361892136,0.8891210408280568,0.4588100630542814,54.11899369457195
0.218599289694854,0.2567907215589511,0.1068762778092507,89.31237221907497
0.3956889736229963,0.5097186228887974,0.8910815958989191,10.891840410108099
0.3095709683293861,0.5900912577284758,0.2530970436451235,74.69029563548767
0.6048527080771527,0.7022754287413892,0.7994082351910697,20.05917648089304
0.6650496394581152,0.5138910108155736,0.7509913607495081,24.900863925049222
0.8969514343233673,0.6822252919286482,0.4637066463510743,53.629335364892555
0.1085652618792425,0.7377316164246996,0.2266759377986605,77.33240622013395
0.317452520131443,0.2857121697981853,0.2364771702483023,76.35228297516987
0.3056836394440449,0.2371923313037763,0.8994920189302922,10.050798106970788
0.2411612565581742,0.8870510398605012,0.7680271207587805,23.197287924121994
0.5476745481766531,0.7944120401345289,0.8958045107045637,10.419548929543641
0.8948097352106713,0.5394786438866143,0.8095791295674406,19.04208704325595
0.2754351538602106,0.8954326928331654,0.224377442114479,77.56225578855216
0.1038952941359078,0.1041588876218185,0.4028392912514146,59.716070874858566
0.1045655808955211,0.7756093705515433,0.7807671395855017,21.92328604144988
0.6118190705600143,0.4116318263004916,0.6078532155530639,39.21467844469361
0.6053307884683267,0.09945465899751563,0.09939615973222193,90.06038402677781
0.2374826582592071,0.1019678540306732,0.884033642376139,11.596635762386109
0.4472196861693982,0.6237270457400297,0.9055804029229849,9.441959707701521
0.499996666935821,0.09381811400999478,0.2346452976018285,76.53547023981723
0.3999604377207399,0.5934838041215145,0.3180577177600686,68.19422822399311
0.1113893680071565,0.7432401410054619,0.4283088200578195,57.1691179942181
0.4863364149967012,0.9038669332175454,0.6429579334884277,35.70420665115728
0.3925323661328995,0.4502860155382626,0.4692723185185756,53.07276814814249
0.2278249187439787,0.6668581166597075,0.8931277818342623,10.687221816573786
0.693415629409271,0.5920430067437663,0.9000927911112188,9.990720888878135
0.6502837708531096,0.3932213542543805,0.1108527162682353,88.91472837317654
0.50171300907995,0.6087152998016043,0.2464371298752863,75.35628701247138
0.2324377354297904,0.3428428065092855,0.4662642734018042,53.373572659819644
0.6859384840349935,0.2191486662780225,0.2531332334344759,74.68667665655246
0.1046635755080941,0.3012112773118268,0.103134101017849,89.68658989821512
0.09558347367699316,0.642976072581525,0.3796642196846048,62.03357803153953
0.8944964198547243,0.5357474729520556,0.2399387525634416,76.0061247436558
0.5638834789391954,0.4215299513720227,0.3967747596939765,60.32252403060241
0.4844241022592232,0.3560439398518841,0.09485029749157593,90.51497025084248
0.1021296094271529,0.4270441230391585,0.4925731156206071,50.742688437939336
0.1085682350684067,0.7654414738253984,0.1003714279337971,89.9628572066203
0.1052940812875846,0.5723845771770532,0.1677307753264821,83.22692246735176
0.3079117680679305,0.9008501641407038,0.4139389960006587,58.60610039993417
0.6541162723850268,0.2305114913702069,0.7846287049820493,21.53712950179509
0.7246337170543142,0.1073979823538257,0.7829872259447092,21.70127740552911
0.1923747855174637,0.7000795676413721,0.5970112045535357,40.29887954464649
0.7718218296251692,0.3875377374598341,0.8901035167964034,10.989648320359665
0.3997070847611983,0.09423687081690935,0.4185346262618325,58.146537373816805
0.9017814227020724,0.3055987969429671,0.3943830911685052,60.56169088314945
0.6959115247362317,0.7536350921445958,0.7668748078409465,23.31251921590537
0.3915749566960259,0.7508764518666448,0.1779031722861467,82.2096827713853
0.7761093240960772,0.8969249920824278,0.7712052979152555,22.87947020847447
0.5953960330713909,0.625528549614611,0.3624711492610641,63.75288507389363
0.2143168252152919,0.4050643333496347,0.7506520916155816,24.934790838441888
0.6276354795906401,0.09395091219478832,0.6510406496586991,34.8959350341301
0.4500066979659119,0.09152464416346948,0.6756750952199084,32.43249047800918
0.2415847406154147,0.326449763375064,0.9084961546596404,9.150384534035961
0.3742726077934771,0.898820764757398,0.8987959663678834,10.120403363211672
0.3941684182004804,0.7832799843742887,0.4950006517576018,50.49993482423989
0.432057020688642,0.4345819915252445,0.7324706045042179,26.752939549578237
0.9038864398242467,0.3564940714089056,0.8298773433375165,17.012265666248357
0.6004060257004553,0.9068449588694572,0.4259267993149047,57.407320068509584
0.2049174602804514,0.9025046697552355,0.4477817455411786,55.22182544588216
0.906103218097623,0.4116614629707196,0.3934466435807581,60.6553356419242
0.3369291188068907,0.2247435038660242,0.7635548584866854,23.64451415133149
0.3003421985891479,0.09495363238605108,0.7829587008876157,21.704129911238464
0.6397172048687632,0.6188303119252884,0.0914517787014787,90.85482212985214
0.3781776073909552,0.6239489204812001,0.6015568517861312,39.84431482138692
0.2182160896278824,0.3172776866849009,0.268121520539967,73.18784794600337
0.7815784595786298,0.7637979642416698,0.8992702165969141,10.072978340308609
0.4417500607878115,0.4852951602543145,0.3451131262485185,65.48868737514817
0.09437411790646513,0.3146861253236721,0.3947547296318191,60.524527036818135
0.2248755253496635,0.7801165128898394,0.09707283853493484,90.29271614650654
0.6291078786373623,0.8965468012173725,0.7593400791289269,24.065992087107336
0.6602790113876971,0.815717123671378,0.6027409205085912,39.7259079491409
0.2995638447265387,0.7706486979163832,0.3761859060565306,62.381409394346974
0.2813520123886362,0.5925830950075253,0.3588146330291375,64.11853669708628
0.5414629644531057,0.316508668266715,0.4481466145153415,55.18533854846588
0.2570782444595389,0.9078666698893132,0.8774602257859511,12.25397742140492
0.09018194067861524,0.3608647424218354,0.7279273483542994,27.20726516457011
0.8032442876113888,0.4097547104354448,0.4488067596442255,55.11932403557745
0.6059313844371659,0.2529350031733962,0.08952611036443578,91.04738896355644
0.7943710563487912,0.09169850887025657,0.5728397408298087,42.71602591701912
0.7954470506683562,0.2289527608091703,0.09704452745414209,90.2955472545858
0.6158847202874763,0.7019768707611195,0.9090674386559779,9.093256134402209
0.4917552045167031,0.8121335436891032,0.5834684342606189,41.65315657393815
0.3434027758329854,0.5063802167981625,0.7987172625763811,20.1282737423619
0.4018837401459626,0.6989058274594083,0.3761275165429778,62.38724834570223
0.9057350061929581,0.2452051495093316,0.5377158898256277,46.2284110174372
0.5586306953102559,0.782225709152428,0.7452224647507077,25.477753524929252
0.2184906390720449,0.5026644860940093,0.1009329572929657,89.90670427070349
0.8998507505297413,0.587719654408326,0.3281644216364488,67.18355783635509
0.7877295481529023,0.692578941326456,0.09654722843557144,90.34527715644285
0.7699656171211434,0.3634791526462854,0.6669151214144289,33.30848785855713
0.4234949522214206,0.3717269725991799,0.6472546617785061,35.274533822149415
0.1171266559352093,0.0951084474835274,0.6148328396245358,38.516716037546466
0.4494582005363771,0.5510307566065018,0.4264131869422296,57.35868130577707
0.7693610202950198,0.09549599081016376,0.6772724290867763,32.27275709132238
0.765725703495226,0.717646522726874,0.4105861762850804,58.941382371492004
0.574612933308803,0.09785127825178809,0.9021487216916897,9.785127830831044
0.9013693674590804,0.2075370780908925,0.4351736189686647,56.48263810313348
0.6467237202337769,0.7906401867336488,0.2982439958426969,70.17560041573036
0.5391603668010118,0.2617023338016813,0.5555682596833609,44.44317403166393
0.9113759590716353,0.3789830742090179,0.5652154317933071,43.47845682066928
0.9083730104001995,0.6000000002295701,0.9103799631572987,8.962003684270137
0.6913942826019124,0.3790367546076472,0.3729299541610457,62.7070045838955
0.6330193326393834,0.9108786476280758,0.654043886161219,34.59561138387812
